project,article,granularity,timestamp,access,agent,views
en.wikipedia,Ethereum,daily,2015070100,all-access,all-agents,263
en.wikipedia,Ethereum,daily,2015070200,all-access,all-agents,233
en.wikipedia,Ethereum,daily,2015070300,all-access,all-agents,256
en.wikipedia,Ethereum,daily,2015070400,all-access,all-agents,301
en.wikipedia,Ethereum,daily,2015070500,all-access,all-agents,219
en.wikipedia,Ethereum,daily,2015070600,all-access,all-agents,276
en.wikipedia,Ethereum,daily,2015070700,all-access,all-agents,333
en.wikipedia,Ethereum,daily,2015070800,all-access,all-agents,294
en.wikipedia,Ethereum,daily,2015070900,all-access,all-agents,259
en.wikipedia,Ethereum,daily,2015071000,all-access,all-agents,207
en.wikipedia,Ethereum,daily,2015071100,all-access,all-agents,177
en.wikipedia,Ethereum,daily,2015071200,all-access,all-agents,196
en.wikipedia,Ethereum,daily,2015071300,all-access,all-agents,313
en.wikipedia,Ethereum,daily,2015071400,all-access,all-agents,357
en.wikipedia,Ethereum,daily,2015071500,all-access,all-agents,303
en.wikipedia,Ethereum,daily,2015071600,all-access,all-agents,240
en.wikipedia,Ethereum,daily,2015071700,all-access,all-agents,233
en.wikipedia,Ethereum,daily,2015071800,all-access,all-agents,214
en.wikipedia,Ethereum,daily,2015071900,all-access,all-agents,201
en.wikipedia,Ethereum,daily,2015072000,all-access,all-agents,216
en.wikipedia,Ethereum,daily,2015072100,all-access,all-agents,312
en.wikipedia,Ethereum,daily,2015072200,all-access,all-agents,487
en.wikipedia,Ethereum,daily,2015072300,all-access,all-agents,419
en.wikipedia,Ethereum,daily,2015072400,all-access,all-agents,301
en.wikipedia,Ethereum,daily,2015072500,all-access,all-agents,258
en.wikipedia,Ethereum,daily,2015072600,all-access,all-agents,335
en.wikipedia,Ethereum,daily,2015072700,all-access,all-agents,643
en.wikipedia,Ethereum,daily,2015072800,all-access,all-agents,633
en.wikipedia,Ethereum,daily,2015072900,all-access,all-agents,567
en.wikipedia,Ethereum,daily,2015073000,all-access,all-agents,1210
en.wikipedia,Ethereum,daily,2015073100,all-access,all-agents,1346
en.wikipedia,Ethereum,daily,2015080100,all-access,all-agents,945
en.wikipedia,Ethereum,daily,2015080200,all-access,all-agents,941
en.wikipedia,Ethereum,daily,2015080300,all-access,all-agents,945
en.wikipedia,Ethereum,daily,2015080400,all-access,all-agents,847
en.wikipedia,Ethereum,daily,2015080500,all-access,all-agents,863
en.wikipedia,Ethereum,daily,2015080600,all-access,all-agents,932
en.wikipedia,Ethereum,daily,2015080700,all-access,all-agents,941
en.wikipedia,Ethereum,daily,2015080800,all-access,all-agents,798
en.wikipedia,Ethereum,daily,2015080900,all-access,all-agents,763
en.wikipedia,Ethereum,daily,2015081000,all-access,all-agents,750
en.wikipedia,Ethereum,daily,2015081100,all-access,all-agents,702
en.wikipedia,Ethereum,daily,2015081200,all-access,all-agents,925
en.wikipedia,Ethereum,daily,2015081300,all-access,all-agents,1085
en.wikipedia,Ethereum,daily,2015081400,all-access,all-agents,1080
en.wikipedia,Ethereum,daily,2015081500,all-access,all-agents,616
en.wikipedia,Ethereum,daily,2015081600,all-access,all-agents,605
en.wikipedia,Ethereum,daily,2015081700,all-access,all-agents,663
en.wikipedia,Ethereum,daily,2015081800,all-access,all-agents,650
en.wikipedia,Ethereum,daily,2015081900,all-access,all-agents,650
en.wikipedia,Ethereum,daily,2015082000,all-access,all-agents,683
en.wikipedia,Ethereum,daily,2015082100,all-access,all-agents,560
en.wikipedia,Ethereum,daily,2015082200,all-access,all-agents,405
en.wikipedia,Ethereum,daily,2015082300,all-access,all-agents,425
en.wikipedia,Ethereum,daily,2015082400,all-access,all-agents,539
en.wikipedia,Ethereum,daily,2015082500,all-access,all-agents,622
en.wikipedia,Ethereum,daily,2015082600,all-access,all-agents,583
en.wikipedia,Ethereum,daily,2015082700,all-access,all-agents,532
en.wikipedia,Ethereum,daily,2015082800,all-access,all-agents,457
en.wikipedia,Ethereum,daily,2015082900,all-access,all-agents,380
en.wikipedia,Ethereum,daily,2015083000,all-access,all-agents,369
en.wikipedia,Ethereum,daily,2015083100,all-access,all-agents,537
en.wikipedia,Ethereum,daily,2015090100,all-access,all-agents,510
en.wikipedia,Ethereum,daily,2015090200,all-access,all-agents,489
en.wikipedia,Ethereum,daily,2015090300,all-access,all-agents,557
en.wikipedia,Ethereum,daily,2015090400,all-access,all-agents,468
en.wikipedia,Ethereum,daily,2015090500,all-access,all-agents,354
en.wikipedia,Ethereum,daily,2015090600,all-access,all-agents,437
en.wikipedia,Ethereum,daily,2015090700,all-access,all-agents,617
en.wikipedia,Ethereum,daily,2015090800,all-access,all-agents,543
en.wikipedia,Ethereum,daily,2015090900,all-access,all-agents,638
en.wikipedia,Ethereum,daily,2015091000,all-access,all-agents,520
en.wikipedia,Ethereum,daily,2015091100,all-access,all-agents,420
en.wikipedia,Ethereum,daily,2015091200,all-access,all-agents,422
en.wikipedia,Ethereum,daily,2015091300,all-access,all-agents,467
en.wikipedia,Ethereum,daily,2015091400,all-access,all-agents,515
en.wikipedia,Ethereum,daily,2015091500,all-access,all-agents,787
en.wikipedia,Ethereum,daily,2015091600,all-access,all-agents,1265
en.wikipedia,Ethereum,daily,2015091700,all-access,all-agents,938
en.wikipedia,Ethereum,daily,2015091800,all-access,all-agents,942
en.wikipedia,Ethereum,daily,2015091900,all-access,all-agents,849
en.wikipedia,Ethereum,daily,2015092000,all-access,all-agents,1052
en.wikipedia,Ethereum,daily,2015092100,all-access,all-agents,1034
en.wikipedia,Ethereum,daily,2015092200,all-access,all-agents,1030
en.wikipedia,Ethereum,daily,2015092300,all-access,all-agents,1041
en.wikipedia,Ethereum,daily,2015092400,all-access,all-agents,926
en.wikipedia,Ethereum,daily,2015092500,all-access,all-agents,742
en.wikipedia,Ethereum,daily,2015092600,all-access,all-agents,581
en.wikipedia,Ethereum,daily,2015092700,all-access,all-agents,597
en.wikipedia,Ethereum,daily,2015092800,all-access,all-agents,742
en.wikipedia,Ethereum,daily,2015092900,all-access,all-agents,765
en.wikipedia,Ethereum,daily,2015093000,all-access,all-agents,798
en.wikipedia,Ethereum,daily,2015100100,all-access,all-agents,623
en.wikipedia,Ethereum,daily,2015100200,all-access,all-agents,638
en.wikipedia,Ethereum,daily,2015100300,all-access,all-agents,553
en.wikipedia,Ethereum,daily,2015100400,all-access,all-agents,527
en.wikipedia,Ethereum,daily,2015100500,all-access,all-agents,610
en.wikipedia,Ethereum,daily,2015100600,all-access,all-agents,687
en.wikipedia,Ethereum,daily,2015100700,all-access,all-agents,677
en.wikipedia,Ethereum,daily,2015100800,all-access,all-agents,605
en.wikipedia,Ethereum,daily,2015100900,all-access,all-agents,581
en.wikipedia,Ethereum,daily,2015101000,all-access,all-agents,495
en.wikipedia,Ethereum,daily,2015101100,all-access,all-agents,462
en.wikipedia,Ethereum,daily,2015101200,all-access,all-agents,671
en.wikipedia,Ethereum,daily,2015101300,all-access,all-agents,706
en.wikipedia,Ethereum,daily,2015101400,all-access,all-agents,602
en.wikipedia,Ethereum,daily,2015101500,all-access,all-agents,560
en.wikipedia,Ethereum,daily,2015101600,all-access,all-agents,490
en.wikipedia,Ethereum,daily,2015101700,all-access,all-agents,344
en.wikipedia,Ethereum,daily,2015101800,all-access,all-agents,347
en.wikipedia,Ethereum,daily,2015101900,all-access,all-agents,712
en.wikipedia,Ethereum,daily,2015102000,all-access,all-agents,574
en.wikipedia,Ethereum,daily,2015102100,all-access,all-agents,598
en.wikipedia,Ethereum,daily,2015102200,all-access,all-agents,540
en.wikipedia,Ethereum,daily,2015102300,all-access,all-agents,473
en.wikipedia,Ethereum,daily,2015102400,all-access,all-agents,435
en.wikipedia,Ethereum,daily,2015102500,all-access,all-agents,451
en.wikipedia,Ethereum,daily,2015102600,all-access,all-agents,607
en.wikipedia,Ethereum,daily,2015102700,all-access,all-agents,684
en.wikipedia,Ethereum,daily,2015102800,all-access,all-agents,916
en.wikipedia,Ethereum,daily,2015102900,all-access,all-agents,859
en.wikipedia,Ethereum,daily,2015103000,all-access,all-agents,764
en.wikipedia,Ethereum,daily,2015103100,all-access,all-agents,605
en.wikipedia,Ethereum,daily,2015110100,all-access,all-agents,584
en.wikipedia,Ethereum,daily,2015110200,all-access,all-agents,822
en.wikipedia,Ethereum,daily,2015110300,all-access,all-agents,741
en.wikipedia,Ethereum,daily,2015110400,all-access,all-agents,826
en.wikipedia,Ethereum,daily,2015110500,all-access,all-agents,685
en.wikipedia,Ethereum,daily,2015110600,all-access,all-agents,709
en.wikipedia,Ethereum,daily,2015110700,all-access,all-agents,446
en.wikipedia,Ethereum,daily,2015110800,all-access,all-agents,527
en.wikipedia,Ethereum,daily,2015110900,all-access,all-agents,730
en.wikipedia,Ethereum,daily,2015111000,all-access,all-agents,684
en.wikipedia,Ethereum,daily,2015111100,all-access,all-agents,940
en.wikipedia,Ethereum,daily,2015111200,all-access,all-agents,841
en.wikipedia,Ethereum,daily,2015111300,all-access,all-agents,731
en.wikipedia,Ethereum,daily,2015111400,all-access,all-agents,642
en.wikipedia,Ethereum,daily,2015111500,all-access,all-agents,648
en.wikipedia,Ethereum,daily,2015111600,all-access,all-agents,809
en.wikipedia,Ethereum,daily,2015111700,all-access,all-agents,703
en.wikipedia,Ethereum,daily,2015111800,all-access,all-agents,647
en.wikipedia,Ethereum,daily,2015111900,all-access,all-agents,689
en.wikipedia,Ethereum,daily,2015112000,all-access,all-agents,650
en.wikipedia,Ethereum,daily,2015112100,all-access,all-agents,401
en.wikipedia,Ethereum,daily,2015112200,all-access,all-agents,514
en.wikipedia,Ethereum,daily,2015112300,all-access,all-agents,757
en.wikipedia,Ethereum,daily,2015112400,all-access,all-agents,652
en.wikipedia,Ethereum,daily,2015112500,all-access,all-agents,675
en.wikipedia,Ethereum,daily,2015112600,all-access,all-agents,576
en.wikipedia,Ethereum,daily,2015112700,all-access,all-agents,672
en.wikipedia,Ethereum,daily,2015112800,all-access,all-agents,435
en.wikipedia,Ethereum,daily,2015112900,all-access,all-agents,508
en.wikipedia,Ethereum,daily,2015113000,all-access,all-agents,729
en.wikipedia,Ethereum,daily,2015120100,all-access,all-agents,583
en.wikipedia,Ethereum,daily,2015120200,all-access,all-agents,626
en.wikipedia,Ethereum,daily,2015120300,all-access,all-agents,621
en.wikipedia,Ethereum,daily,2015120400,all-access,all-agents,543
en.wikipedia,Ethereum,daily,2015120500,all-access,all-agents,600
en.wikipedia,Ethereum,daily,2015120600,all-access,all-agents,612
en.wikipedia,Ethereum,daily,2015120700,all-access,all-agents,752
en.wikipedia,Ethereum,daily,2015120800,all-access,all-agents,669
en.wikipedia,Ethereum,daily,2015120900,all-access,all-agents,825
en.wikipedia,Ethereum,daily,2015121000,all-access,all-agents,746
en.wikipedia,Ethereum,daily,2015121100,all-access,all-agents,660
en.wikipedia,Ethereum,daily,2015121200,all-access,all-agents,565
en.wikipedia,Ethereum,daily,2015121300,all-access,all-agents,605
en.wikipedia,Ethereum,daily,2015121400,all-access,all-agents,708
en.wikipedia,Ethereum,daily,2015121500,all-access,all-agents,661
en.wikipedia,Ethereum,daily,2015121600,all-access,all-agents,695
en.wikipedia,Ethereum,daily,2015121700,all-access,all-agents,717
en.wikipedia,Ethereum,daily,2015121800,all-access,all-agents,741
en.wikipedia,Ethereum,daily,2015121900,all-access,all-agents,564
en.wikipedia,Ethereum,daily,2015122000,all-access,all-agents,479
en.wikipedia,Ethereum,daily,2015122100,all-access,all-agents,604
en.wikipedia,Ethereum,daily,2015122200,all-access,all-agents,550
en.wikipedia,Ethereum,daily,2015122300,all-access,all-agents,539
en.wikipedia,Ethereum,daily,2015122400,all-access,all-agents,411
en.wikipedia,Ethereum,daily,2015122500,all-access,all-agents,370
en.wikipedia,Ethereum,daily,2015122600,all-access,all-agents,437
en.wikipedia,Ethereum,daily,2015122700,all-access,all-agents,534
en.wikipedia,Ethereum,daily,2015122800,all-access,all-agents,617
en.wikipedia,Ethereum,daily,2015122900,all-access,all-agents,477
en.wikipedia,Ethereum,daily,2015123000,all-access,all-agents,425
en.wikipedia,Ethereum,daily,2015123100,all-access,all-agents,448
en.wikipedia,Ethereum,daily,2016010100,all-access,all-agents,350
en.wikipedia,Ethereum,daily,2016010200,all-access,all-agents,455
en.wikipedia,Ethereum,daily,2016010300,all-access,all-agents,529
en.wikipedia,Ethereum,daily,2016010400,all-access,all-agents,712
en.wikipedia,Ethereum,daily,2016010500,all-access,all-agents,702
en.wikipedia,Ethereum,daily,2016010600,all-access,all-agents,826
en.wikipedia,Ethereum,daily,2016010700,all-access,all-agents,883
en.wikipedia,Ethereum,daily,2016010800,all-access,all-agents,688
en.wikipedia,Ethereum,daily,2016010900,all-access,all-agents,523
en.wikipedia,Ethereum,daily,2016011000,all-access,all-agents,699
en.wikipedia,Ethereum,daily,2016011100,all-access,all-agents,868
en.wikipedia,Ethereum,daily,2016011200,all-access,all-agents,773
en.wikipedia,Ethereum,daily,2016011300,all-access,all-agents,871
en.wikipedia,Ethereum,daily,2016011400,all-access,all-agents,759
en.wikipedia,Ethereum,daily,2016011500,all-access,all-agents,976
en.wikipedia,Ethereum,daily,2016011600,all-access,all-agents,880
en.wikipedia,Ethereum,daily,2016011700,all-access,all-agents,715
en.wikipedia,Ethereum,daily,2016011800,all-access,all-agents,957
en.wikipedia,Ethereum,daily,2016011900,all-access,all-agents,930
en.wikipedia,Ethereum,daily,2016012000,all-access,all-agents,954
en.wikipedia,Ethereum,daily,2016012100,all-access,all-agents,1342
en.wikipedia,Ethereum,daily,2016012200,all-access,all-agents,1028
en.wikipedia,Ethereum,daily,2016012300,all-access,all-agents,983
en.wikipedia,Ethereum,daily,2016012400,all-access,all-agents,1275
en.wikipedia,Ethereum,daily,2016012500,all-access,all-agents,1817
en.wikipedia,Ethereum,daily,2016012600,all-access,all-agents,1722
en.wikipedia,Ethereum,daily,2016012700,all-access,all-agents,1498
en.wikipedia,Ethereum,daily,2016012800,all-access,all-agents,1304
en.wikipedia,Ethereum,daily,2016012900,all-access,all-agents,1082
en.wikipedia,Ethereum,daily,2016013000,all-access,all-agents,752
en.wikipedia,Ethereum,daily,2016013100,all-access,all-agents,886
en.wikipedia,Ethereum,daily,2016020100,all-access,all-agents,1125
en.wikipedia,Ethereum,daily,2016020200,all-access,all-agents,1014
en.wikipedia,Ethereum,daily,2016020300,all-access,all-agents,1072
en.wikipedia,Ethereum,daily,2016020400,all-access,all-agents,1136
en.wikipedia,Ethereum,daily,2016020500,all-access,all-agents,948
en.wikipedia,Ethereum,daily,2016020600,all-access,all-agents,665
en.wikipedia,Ethereum,daily,2016020700,all-access,all-agents,834
en.wikipedia,Ethereum,daily,2016020800,all-access,all-agents,1295
en.wikipedia,Ethereum,daily,2016020900,all-access,all-agents,1589
en.wikipedia,Ethereum,daily,2016021000,all-access,all-agents,2033
en.wikipedia,Ethereum,daily,2016021100,all-access,all-agents,1921
en.wikipedia,Ethereum,daily,2016021200,all-access,all-agents,2112
en.wikipedia,Ethereum,daily,2016021300,all-access,all-agents,1456
en.wikipedia,Ethereum,daily,2016021400,all-access,all-agents,1099
en.wikipedia,Ethereum,daily,2016021500,all-access,all-agents,1629
en.wikipedia,Ethereum,daily,2016021600,all-access,all-agents,1651
en.wikipedia,Ethereum,daily,2016021700,all-access,all-agents,1887
en.wikipedia,Ethereum,daily,2016021800,all-access,all-agents,1172
en.wikipedia,Ethereum,daily,2016021900,all-access,all-agents,1349
en.wikipedia,Ethereum,daily,2016022000,all-access,all-agents,1871
en.wikipedia,Ethereum,daily,2016022100,all-access,all-agents,1324
en.wikipedia,Ethereum,daily,2016022200,all-access,all-agents,1671
en.wikipedia,Ethereum,daily,2016022300,all-access,all-agents,1862
en.wikipedia,Ethereum,daily,2016022400,all-access,all-agents,1513
en.wikipedia,Ethereum,daily,2016022500,all-access,all-agents,1675
en.wikipedia,Ethereum,daily,2016022600,all-access,all-agents,2050
en.wikipedia,Ethereum,daily,2016022700,all-access,all-agents,1532
en.wikipedia,Ethereum,daily,2016022800,all-access,all-agents,1350
en.wikipedia,Ethereum,daily,2016022900,all-access,all-agents,1466
en.wikipedia,Ethereum,daily,2016030100,all-access,all-agents,1729
en.wikipedia,Ethereum,daily,2016030200,all-access,all-agents,2231
en.wikipedia,Ethereum,daily,2016030300,all-access,all-agents,2891
en.wikipedia,Ethereum,daily,2016030400,all-access,all-agents,2087
en.wikipedia,Ethereum,daily,2016030500,all-access,all-agents,2772
en.wikipedia,Ethereum,daily,2016030600,all-access,all-agents,2204
en.wikipedia,Ethereum,daily,2016030700,all-access,all-agents,2006
en.wikipedia,Ethereum,daily,2016030800,all-access,all-agents,1704
en.wikipedia,Ethereum,daily,2016030900,all-access,all-agents,1683
en.wikipedia,Ethereum,daily,2016031000,all-access,all-agents,1681
en.wikipedia,Ethereum,daily,2016031100,all-access,all-agents,1426
en.wikipedia,Ethereum,daily,2016031200,all-access,all-agents,1997
en.wikipedia,Ethereum,daily,2016031300,all-access,all-agents,2547
en.wikipedia,Ethereum,daily,2016031400,all-access,all-agents,2615
en.wikipedia,Ethereum,daily,2016031500,all-access,all-agents,2308
en.wikipedia,Ethereum,daily,2016031600,all-access,all-agents,1964
en.wikipedia,Ethereum,daily,2016031700,all-access,all-agents,1799
en.wikipedia,Ethereum,daily,2016031800,all-access,all-agents,1793
en.wikipedia,Ethereum,daily,2016031900,all-access,all-agents,1497
en.wikipedia,Ethereum,daily,2016032000,all-access,all-agents,2381
en.wikipedia,Ethereum,daily,2016032100,all-access,all-agents,3235
en.wikipedia,Ethereum,daily,2016032200,all-access,all-agents,2152
en.wikipedia,Ethereum,daily,2016032300,all-access,all-agents,1988
en.wikipedia,Ethereum,daily,2016032400,all-access,all-agents,1886
en.wikipedia,Ethereum,daily,2016032500,all-access,all-agents,1382
en.wikipedia,Ethereum,daily,2016032600,all-access,all-agents,1049
en.wikipedia,Ethereum,daily,2016032700,all-access,all-agents,1245
en.wikipedia,Ethereum,daily,2016032800,all-access,all-agents,4014
en.wikipedia,Ethereum,daily,2016032900,all-access,all-agents,3276
en.wikipedia,Ethereum,daily,2016033000,all-access,all-agents,2213
en.wikipedia,Ethereum,daily,2016033100,all-access,all-agents,1947
en.wikipedia,Ethereum,daily,2016040100,all-access,all-agents,1622
en.wikipedia,Ethereum,daily,2016040200,all-access,all-agents,1204
en.wikipedia,Ethereum,daily,2016040300,all-access,all-agents,1263
en.wikipedia,Ethereum,daily,2016040400,all-access,all-agents,1671
en.wikipedia,Ethereum,daily,2016040500,all-access,all-agents,1540
en.wikipedia,Ethereum,daily,2016040600,all-access,all-agents,1516
en.wikipedia,Ethereum,daily,2016040700,all-access,all-agents,1578
en.wikipedia,Ethereum,daily,2016040800,all-access,all-agents,1329
en.wikipedia,Ethereum,daily,2016040900,all-access,all-agents,1233
en.wikipedia,Ethereum,daily,2016041000,all-access,all-agents,1217
en.wikipedia,Ethereum,daily,2016041100,all-access,all-agents,1660
en.wikipedia,Ethereum,daily,2016041200,all-access,all-agents,1619
en.wikipedia,Ethereum,daily,2016041300,all-access,all-agents,1463
en.wikipedia,Ethereum,daily,2016041400,all-access,all-agents,1399
en.wikipedia,Ethereum,daily,2016041500,all-access,all-agents,1251
en.wikipedia,Ethereum,daily,2016041600,all-access,all-agents,984
en.wikipedia,Ethereum,daily,2016041700,all-access,all-agents,1037
en.wikipedia,Ethereum,daily,2016041800,all-access,all-agents,1366
en.wikipedia,Ethereum,daily,2016041900,all-access,all-agents,1344
en.wikipedia,Ethereum,daily,2016042000,all-access,all-agents,1404
en.wikipedia,Ethereum,daily,2016042100,all-access,all-agents,1514
en.wikipedia,Ethereum,daily,2016042200,all-access,all-agents,1269
en.wikipedia,Ethereum,daily,2016042300,all-access,all-agents,969
en.wikipedia,Ethereum,daily,2016042400,all-access,all-agents,977
en.wikipedia,Ethereum,daily,2016042500,all-access,all-agents,1579
en.wikipedia,Ethereum,daily,2016042600,all-access,all-agents,1286
en.wikipedia,Ethereum,daily,2016042700,all-access,all-agents,1404
en.wikipedia,Ethereum,daily,2016042800,all-access,all-agents,1561
en.wikipedia,Ethereum,daily,2016042900,all-access,all-agents,1383
en.wikipedia,Ethereum,daily,2016043000,all-access,all-agents,1023
en.wikipedia,Ethereum,daily,2016050100,all-access,all-agents,1181
en.wikipedia,Ethereum,daily,2016050200,all-access,all-agents,2086
en.wikipedia,Ethereum,daily,2016050300,all-access,all-agents,2055
en.wikipedia,Ethereum,daily,2016050400,all-access,all-agents,1893
en.wikipedia,Ethereum,daily,2016050500,all-access,all-agents,1826
en.wikipedia,Ethereum,daily,2016050600,all-access,all-agents,1982
en.wikipedia,Ethereum,daily,2016050700,all-access,all-agents,1369
en.wikipedia,Ethereum,daily,2016050800,all-access,all-agents,1395
en.wikipedia,Ethereum,daily,2016050900,all-access,all-agents,1973
en.wikipedia,Ethereum,daily,2016051000,all-access,all-agents,2215
en.wikipedia,Ethereum,daily,2016051100,all-access,all-agents,2022
en.wikipedia,Ethereum,daily,2016051200,all-access,all-agents,2170
en.wikipedia,Ethereum,daily,2016051300,all-access,all-agents,1925
en.wikipedia,Ethereum,daily,2016051400,all-access,all-agents,1813
en.wikipedia,Ethereum,daily,2016051500,all-access,all-agents,1943
en.wikipedia,Ethereum,daily,2016051600,all-access,all-agents,3660
en.wikipedia,Ethereum,daily,2016051700,all-access,all-agents,3443
en.wikipedia,Ethereum,daily,2016051800,all-access,all-agents,3345
en.wikipedia,Ethereum,daily,2016051900,all-access,all-agents,3493
en.wikipedia,Ethereum,daily,2016052000,all-access,all-agents,3278
en.wikipedia,Ethereum,daily,2016052100,all-access,all-agents,2271
en.wikipedia,Ethereum,daily,2016052200,all-access,all-agents,3141
en.wikipedia,Ethereum,daily,2016052300,all-access,all-agents,4039
en.wikipedia,Ethereum,daily,2016052400,all-access,all-agents,3549
en.wikipedia,Ethereum,daily,2016052500,all-access,all-agents,4216
en.wikipedia,Ethereum,daily,2016052600,all-access,all-agents,3199
en.wikipedia,Ethereum,daily,2016052700,all-access,all-agents,3236
en.wikipedia,Ethereum,daily,2016052800,all-access,all-agents,2316
en.wikipedia,Ethereum,daily,2016052900,all-access,all-agents,2458
en.wikipedia,Ethereum,daily,2016053000,all-access,all-agents,3000
en.wikipedia,Ethereum,daily,2016053100,all-access,all-agents,3246
en.wikipedia,Ethereum,daily,2016060100,all-access,all-agents,2935
en.wikipedia,Ethereum,daily,2016060200,all-access,all-agents,2730
en.wikipedia,Ethereum,daily,2016060300,all-access,all-agents,2436
en.wikipedia,Ethereum,daily,2016060400,all-access,all-agents,1773
en.wikipedia,Ethereum,daily,2016060500,all-access,all-agents,1708
en.wikipedia,Ethereum,daily,2016060600,all-access,all-agents,2334
en.wikipedia,Ethereum,daily,2016060700,all-access,all-agents,2417
en.wikipedia,Ethereum,daily,2016060800,all-access,all-agents,2471
en.wikipedia,Ethereum,daily,2016060900,all-access,all-agents,2142
en.wikipedia,Ethereum,daily,2016061000,all-access,all-agents,1902
en.wikipedia,Ethereum,daily,2016061100,all-access,all-agents,1607
en.wikipedia,Ethereum,daily,2016061200,all-access,all-agents,2145
en.wikipedia,Ethereum,daily,2016061300,all-access,all-agents,2999
en.wikipedia,Ethereum,daily,2016061400,all-access,all-agents,3364
en.wikipedia,Ethereum,daily,2016061500,all-access,all-agents,2947
en.wikipedia,Ethereum,daily,2016061600,all-access,all-agents,3228
en.wikipedia,Ethereum,daily,2016061700,all-access,all-agents,8355
en.wikipedia,Ethereum,daily,2016061800,all-access,all-agents,6063
en.wikipedia,Ethereum,daily,2016061900,all-access,all-agents,4736
en.wikipedia,Ethereum,daily,2016062000,all-access,all-agents,4579
en.wikipedia,Ethereum,daily,2016062100,all-access,all-agents,4539
en.wikipedia,Ethereum,daily,2016062200,all-access,all-agents,3119
en.wikipedia,Ethereum,daily,2016062300,all-access,all-agents,2643
en.wikipedia,Ethereum,daily,2016062400,all-access,all-agents,1848
en.wikipedia,Ethereum,daily,2016062500,all-access,all-agents,1492
en.wikipedia,Ethereum,daily,2016062600,all-access,all-agents,1341
en.wikipedia,Ethereum,daily,2016062700,all-access,all-agents,1962
en.wikipedia,Ethereum,daily,2016062800,all-access,all-agents,2026
en.wikipedia,Ethereum,daily,2016062900,all-access,all-agents,2018
en.wikipedia,Ethereum,daily,2016063000,all-access,all-agents,1992
en.wikipedia,Ethereum,daily,2016070100,all-access,all-agents,1617
en.wikipedia,Ethereum,daily,2016070200,all-access,all-agents,1187
en.wikipedia,Ethereum,daily,2016070300,all-access,all-agents,1524
en.wikipedia,Ethereum,daily,2016070400,all-access,all-agents,1876
en.wikipedia,Ethereum,daily,2016070500,all-access,all-agents,1896
en.wikipedia,Ethereum,daily,2016070600,all-access,all-agents,1621
en.wikipedia,Ethereum,daily,2016070700,all-access,all-agents,1594
en.wikipedia,Ethereum,daily,2016070800,all-access,all-agents,1317
en.wikipedia,Ethereum,daily,2016070900,all-access,all-agents,1081
en.wikipedia,Ethereum,daily,2016071000,all-access,all-agents,1242
en.wikipedia,Ethereum,daily,2016071100,all-access,all-agents,1525
en.wikipedia,Ethereum,daily,2016071200,all-access,all-agents,1403
en.wikipedia,Ethereum,daily,2016071300,all-access,all-agents,1329
en.wikipedia,Ethereum,daily,2016071400,all-access,all-agents,1395
en.wikipedia,Ethereum,daily,2016071500,all-access,all-agents,1312
en.wikipedia,Ethereum,daily,2016071600,all-access,all-agents,1010
en.wikipedia,Ethereum,daily,2016071700,all-access,all-agents,991
en.wikipedia,Ethereum,daily,2016071800,all-access,all-agents,1435
en.wikipedia,Ethereum,daily,2016071900,all-access,all-agents,1644
en.wikipedia,Ethereum,daily,2016072000,all-access,all-agents,2176
en.wikipedia,Ethereum,daily,2016072100,all-access,all-agents,3929
en.wikipedia,Ethereum,daily,2016072200,all-access,all-agents,2658
en.wikipedia,Ethereum,daily,2016072300,all-access,all-agents,1773
en.wikipedia,Ethereum,daily,2016072400,all-access,all-agents,1668
en.wikipedia,Ethereum,daily,2016072500,all-access,all-agents,3042
en.wikipedia,Ethereum,daily,2016072600,all-access,all-agents,4321
en.wikipedia,Ethereum,daily,2016072700,all-access,all-agents,3036
en.wikipedia,Ethereum,daily,2016072800,all-access,all-agents,2341
en.wikipedia,Ethereum,daily,2016072900,all-access,all-agents,1881
en.wikipedia,Ethereum,daily,2016073000,all-access,all-agents,1403
en.wikipedia,Ethereum,daily,2016073100,all-access,all-agents,1437
en.wikipedia,Ethereum,daily,2016080100,all-access,all-agents,1757
en.wikipedia,Ethereum,daily,2016080200,all-access,all-agents,1951
en.wikipedia,Ethereum,daily,2016080300,all-access,all-agents,3054
en.wikipedia,Ethereum,daily,2016080400,all-access,all-agents,2398
en.wikipedia,Ethereum,daily,2016080500,all-access,all-agents,1836
en.wikipedia,Ethereum,daily,2016080600,all-access,all-agents,1266
en.wikipedia,Ethereum,daily,2016080700,all-access,all-agents,1479
en.wikipedia,Ethereum,daily,2016080800,all-access,all-agents,1927
en.wikipedia,Ethereum,daily,2016080900,all-access,all-agents,1685
en.wikipedia,Ethereum,daily,2016081000,all-access,all-agents,1524
en.wikipedia,Ethereum,daily,2016081100,all-access,all-agents,1506
en.wikipedia,Ethereum,daily,2016081200,all-access,all-agents,1465
en.wikipedia,Ethereum,daily,2016081300,all-access,all-agents,1069
en.wikipedia,Ethereum,daily,2016081400,all-access,all-agents,1083
en.wikipedia,Ethereum,daily,2016081500,all-access,all-agents,1570
en.wikipedia,Ethereum,daily,2016081600,all-access,all-agents,1596
en.wikipedia,Ethereum,daily,2016081700,all-access,all-agents,1549
en.wikipedia,Ethereum,daily,2016081800,all-access,all-agents,1542
en.wikipedia,Ethereum,daily,2016081900,all-access,all-agents,1709
en.wikipedia,Ethereum,daily,2016082000,all-access,all-agents,1275
en.wikipedia,Ethereum,daily,2016082100,all-access,all-agents,1294
en.wikipedia,Ethereum,daily,2016082200,all-access,all-agents,1832
en.wikipedia,Ethereum,daily,2016082300,all-access,all-agents,2049
en.wikipedia,Ethereum,daily,2016082400,all-access,all-agents,1700
en.wikipedia,Ethereum,daily,2016082500,all-access,all-agents,2357
en.wikipedia,Ethereum,daily,2016082600,all-access,all-agents,1759
en.wikipedia,Ethereum,daily,2016082700,all-access,all-agents,1503
en.wikipedia,Ethereum,daily,2016082800,all-access,all-agents,1724
en.wikipedia,Ethereum,daily,2016082900,all-access,all-agents,1999
en.wikipedia,Ethereum,daily,2016083000,all-access,all-agents,1909
en.wikipedia,Ethereum,daily,2016083100,all-access,all-agents,1872
en.wikipedia,Ethereum,daily,2016090100,all-access,all-agents,1602
en.wikipedia,Ethereum,daily,2016090200,all-access,all-agents,1654
en.wikipedia,Ethereum,daily,2016090300,all-access,all-agents,1242
en.wikipedia,Ethereum,daily,2016090400,all-access,all-agents,1253
en.wikipedia,Ethereum,daily,2016090500,all-access,all-agents,1341
en.wikipedia,Ethereum,daily,2016090600,all-access,all-agents,1925
en.wikipedia,Ethereum,daily,2016090700,all-access,all-agents,1635
en.wikipedia,Ethereum,daily,2016090800,all-access,all-agents,1381
en.wikipedia,Ethereum,daily,2016090900,all-access,all-agents,1296
en.wikipedia,Ethereum,daily,2016091000,all-access,all-agents,1031
en.wikipedia,Ethereum,daily,2016091100,all-access,all-agents,1173
en.wikipedia,Ethereum,daily,2016091200,all-access,all-agents,1515
en.wikipedia,Ethereum,daily,2016091300,all-access,all-agents,1991
en.wikipedia,Ethereum,daily,2016091400,all-access,all-agents,1715
en.wikipedia,Ethereum,daily,2016091500,all-access,all-agents,1380
en.wikipedia,Ethereum,daily,2016091600,all-access,all-agents,1428
en.wikipedia,Ethereum,daily,2016091700,all-access,all-agents,1188
en.wikipedia,Ethereum,daily,2016091800,all-access,all-agents,1329
en.wikipedia,Ethereum,daily,2016091900,all-access,all-agents,1571
en.wikipedia,Ethereum,daily,2016092000,all-access,all-agents,1692
en.wikipedia,Ethereum,daily,2016092100,all-access,all-agents,1795
en.wikipedia,Ethereum,daily,2016092200,all-access,all-agents,1609
en.wikipedia,Ethereum,daily,2016092300,all-access,all-agents,1589
en.wikipedia,Ethereum,daily,2016092400,all-access,all-agents,1371
en.wikipedia,Ethereum,daily,2016092500,all-access,all-agents,1613
en.wikipedia,Ethereum,daily,2016092600,all-access,all-agents,1750
en.wikipedia,Ethereum,daily,2016092700,all-access,all-agents,1837
en.wikipedia,Ethereum,daily,2016092800,all-access,all-agents,1712
en.wikipedia,Ethereum,daily,2016092900,all-access,all-agents,1631
en.wikipedia,Ethereum,daily,2016093000,all-access,all-agents,1361
en.wikipedia,Ethereum,daily,2016100100,all-access,all-agents,1046
en.wikipedia,Ethereum,daily,2016100200,all-access,all-agents,1229
en.wikipedia,Ethereum,daily,2016100300,all-access,all-agents,1557
en.wikipedia,Ethereum,daily,2016100400,all-access,all-agents,1811
en.wikipedia,Ethereum,daily,2016100500,all-access,all-agents,1741
en.wikipedia,Ethereum,daily,2016100600,all-access,all-agents,1727
en.wikipedia,Ethereum,daily,2016100700,all-access,all-agents,1734
en.wikipedia,Ethereum,daily,2016100800,all-access,all-agents,956
en.wikipedia,Ethereum,daily,2016100900,all-access,all-agents,1142
en.wikipedia,Ethereum,daily,2016101000,all-access,all-agents,1313
en.wikipedia,Ethereum,daily,2016101100,all-access,all-agents,1567
en.wikipedia,Ethereum,daily,2016101200,all-access,all-agents,1749
en.wikipedia,Ethereum,daily,2016101300,all-access,all-agents,1720
en.wikipedia,Ethereum,daily,2016101400,all-access,all-agents,1605
en.wikipedia,Ethereum,daily,2016101500,all-access,all-agents,1226
en.wikipedia,Ethereum,daily,2016101600,all-access,all-agents,1278
en.wikipedia,Ethereum,daily,2016101700,all-access,all-agents,1616
en.wikipedia,Ethereum,daily,2016101800,all-access,all-agents,1813
en.wikipedia,Ethereum,daily,2016101900,all-access,all-agents,1507
en.wikipedia,Ethereum,daily,2016102000,all-access,all-agents,1417
en.wikipedia,Ethereum,daily,2016102100,all-access,all-agents,1379
en.wikipedia,Ethereum,daily,2016102200,all-access,all-agents,954
en.wikipedia,Ethereum,daily,2016102300,all-access,all-agents,1017
en.wikipedia,Ethereum,daily,2016102400,all-access,all-agents,1526
en.wikipedia,Ethereum,daily,2016102500,all-access,all-agents,1650
en.wikipedia,Ethereum,daily,2016102600,all-access,all-agents,1479
en.wikipedia,Ethereum,daily,2016102700,all-access,all-agents,1404
en.wikipedia,Ethereum,daily,2016102800,all-access,all-agents,1336
en.wikipedia,Ethereum,daily,2016102900,all-access,all-agents,1000
en.wikipedia,Ethereum,daily,2016103000,all-access,all-agents,1019
en.wikipedia,Ethereum,daily,2016103100,all-access,all-agents,1330
en.wikipedia,Ethereum,daily,2016110100,all-access,all-agents,1444
en.wikipedia,Ethereum,daily,2016110200,all-access,all-agents,1462
en.wikipedia,Ethereum,daily,2016110300,all-access,all-agents,1563
en.wikipedia,Ethereum,daily,2016110400,all-access,all-agents,1508
en.wikipedia,Ethereum,daily,2016110500,all-access,all-agents,1257
en.wikipedia,Ethereum,daily,2016110600,all-access,all-agents,1279
en.wikipedia,Ethereum,daily,2016110700,all-access,all-agents,1820
en.wikipedia,Ethereum,daily,2016110800,all-access,all-agents,1691
en.wikipedia,Ethereum,daily,2016110900,all-access,all-agents,1360
en.wikipedia,Ethereum,daily,2016111000,all-access,all-agents,1390
en.wikipedia,Ethereum,daily,2016111100,all-access,all-agents,1258
en.wikipedia,Ethereum,daily,2016111200,all-access,all-agents,1033
en.wikipedia,Ethereum,daily,2016111300,all-access,all-agents,1054
en.wikipedia,Ethereum,daily,2016111400,all-access,all-agents,1437
en.wikipedia,Ethereum,daily,2016111500,all-access,all-agents,1639
en.wikipedia,Ethereum,daily,2016111600,all-access,all-agents,1481
en.wikipedia,Ethereum,daily,2016111700,all-access,all-agents,1548
en.wikipedia,Ethereum,daily,2016111800,all-access,all-agents,1332
en.wikipedia,Ethereum,daily,2016111900,all-access,all-agents,907
en.wikipedia,Ethereum,daily,2016112000,all-access,all-agents,998
en.wikipedia,Ethereum,daily,2016112100,all-access,all-agents,1616
en.wikipedia,Ethereum,daily,2016112200,all-access,all-agents,1763
en.wikipedia,Ethereum,daily,2016112300,all-access,all-agents,1656
en.wikipedia,Ethereum,daily,2016112400,all-access,all-agents,1340
en.wikipedia,Ethereum,daily,2016112500,all-access,all-agents,1136
en.wikipedia,Ethereum,daily,2016112600,all-access,all-agents,860
en.wikipedia,Ethereum,daily,2016112700,all-access,all-agents,981
en.wikipedia,Ethereum,daily,2016112800,all-access,all-agents,1458
en.wikipedia,Ethereum,daily,2016112900,all-access,all-agents,1404
en.wikipedia,Ethereum,daily,2016113000,all-access,all-agents,1324
en.wikipedia,Ethereum,daily,2016120100,all-access,all-agents,1354
en.wikipedia,Ethereum,daily,2016120200,all-access,all-agents,1274
en.wikipedia,Ethereum,daily,2016120300,all-access,all-agents,913
en.wikipedia,Ethereum,daily,2016120400,all-access,all-agents,977
en.wikipedia,Ethereum,daily,2016120500,all-access,all-agents,1299
en.wikipedia,Ethereum,daily,2016120600,all-access,all-agents,1332
en.wikipedia,Ethereum,daily,2016120700,all-access,all-agents,1321
en.wikipedia,Ethereum,daily,2016120800,all-access,all-agents,1342
en.wikipedia,Ethereum,daily,2016120900,all-access,all-agents,1261
en.wikipedia,Ethereum,daily,2016121000,all-access,all-agents,908
en.wikipedia,Ethereum,daily,2016121100,all-access,all-agents,1058
en.wikipedia,Ethereum,daily,2016121200,all-access,all-agents,1550
en.wikipedia,Ethereum,daily,2016121300,all-access,all-agents,1586
en.wikipedia,Ethereum,daily,2016121400,all-access,all-agents,1610
en.wikipedia,Ethereum,daily,2016121500,all-access,all-agents,1421
en.wikipedia,Ethereum,daily,2016121600,all-access,all-agents,1252
en.wikipedia,Ethereum,daily,2016121700,all-access,all-agents,1048
en.wikipedia,Ethereum,daily,2016121800,all-access,all-agents,964
en.wikipedia,Ethereum,daily,2016121900,all-access,all-agents,1214
en.wikipedia,Ethereum,daily,2016122000,all-access,all-agents,1245
en.wikipedia,Ethereum,daily,2016122100,all-access,all-agents,1201
en.wikipedia,Ethereum,daily,2016122200,all-access,all-agents,1331
en.wikipedia,Ethereum,daily,2016122300,all-access,all-agents,1260
en.wikipedia,Ethereum,daily,2016122400,all-access,all-agents,991
en.wikipedia,Ethereum,daily,2016122500,all-access,all-agents,987
en.wikipedia,Ethereum,daily,2016122600,all-access,all-agents,1203
en.wikipedia,Ethereum,daily,2016122700,all-access,all-agents,1420
en.wikipedia,Ethereum,daily,2016122800,all-access,all-agents,1531
en.wikipedia,Ethereum,daily,2016122900,all-access,all-agents,1634
en.wikipedia,Ethereum,daily,2016123000,all-access,all-agents,1487
en.wikipedia,Ethereum,daily,2016123100,all-access,all-agents,1103
en.wikipedia,Ethereum,daily,2017010100,all-access,all-agents,1166
en.wikipedia,Ethereum,daily,2017010200,all-access,all-agents,1987
en.wikipedia,Ethereum,daily,2017010300,all-access,all-agents,2459
en.wikipedia,Ethereum,daily,2017010400,all-access,all-agents,2641
en.wikipedia,Ethereum,daily,2017010500,all-access,all-agents,2669
en.wikipedia,Ethereum,daily,2017010600,all-access,all-agents,2166
en.wikipedia,Ethereum,daily,2017010700,all-access,all-agents,1893
en.wikipedia,Ethereum,daily,2017010800,all-access,all-agents,1847
en.wikipedia,Ethereum,daily,2017010900,all-access,all-agents,2160
en.wikipedia,Ethereum,daily,2017011000,all-access,all-agents,1939
en.wikipedia,Ethereum,daily,2017011100,all-access,all-agents,2133
en.wikipedia,Ethereum,daily,2017011200,all-access,all-agents,1974
en.wikipedia,Ethereum,daily,2017011300,all-access,all-agents,1621
en.wikipedia,Ethereum,daily,2017011400,all-access,all-agents,1385
en.wikipedia,Ethereum,daily,2017011500,all-access,all-agents,1694
en.wikipedia,Ethereum,daily,2017011600,all-access,all-agents,1591
en.wikipedia,Ethereum,daily,2017011700,all-access,all-agents,1861
en.wikipedia,Ethereum,daily,2017011800,all-access,all-agents,1796
en.wikipedia,Ethereum,daily,2017011900,all-access,all-agents,1661
en.wikipedia,Ethereum,daily,2017012000,all-access,all-agents,1373
en.wikipedia,Ethereum,daily,2017012100,all-access,all-agents,1198
en.wikipedia,Ethereum,daily,2017012200,all-access,all-agents,1194
en.wikipedia,Ethereum,daily,2017012300,all-access,all-agents,1734
en.wikipedia,Ethereum,daily,2017012400,all-access,all-agents,1724
en.wikipedia,Ethereum,daily,2017012500,all-access,all-agents,1581
en.wikipedia,Ethereum,daily,2017012600,all-access,all-agents,1481
en.wikipedia,Ethereum,daily,2017012700,all-access,all-agents,1449
en.wikipedia,Ethereum,daily,2017012800,all-access,all-agents,1169
en.wikipedia,Ethereum,daily,2017012900,all-access,all-agents,1254
en.wikipedia,Ethereum,daily,2017013000,all-access,all-agents,1646
en.wikipedia,Ethereum,daily,2017013100,all-access,all-agents,1599
en.wikipedia,Ethereum,daily,2017020100,all-access,all-agents,1695
en.wikipedia,Ethereum,daily,2017020200,all-access,all-agents,1657
en.wikipedia,Ethereum,daily,2017020300,all-access,all-agents,1544
en.wikipedia,Ethereum,daily,2017020400,all-access,all-agents,1249
en.wikipedia,Ethereum,daily,2017020500,all-access,all-agents,1208
en.wikipedia,Ethereum,daily,2017020600,all-access,all-agents,1775
en.wikipedia,Ethereum,daily,2017020700,all-access,all-agents,1870
en.wikipedia,Ethereum,daily,2017020800,all-access,all-agents,1940
en.wikipedia,Ethereum,daily,2017020900,all-access,all-agents,1671
en.wikipedia,Ethereum,daily,2017021000,all-access,all-agents,2049
en.wikipedia,Ethereum,daily,2017021100,all-access,all-agents,1367
en.wikipedia,Ethereum,daily,2017021200,all-access,all-agents,1720
en.wikipedia,Ethereum,daily,2017021300,all-access,all-agents,1907
en.wikipedia,Ethereum,daily,2017021400,all-access,all-agents,2074
en.wikipedia,Ethereum,daily,2017021500,all-access,all-agents,1993
en.wikipedia,Ethereum,daily,2017021600,all-access,all-agents,1920
en.wikipedia,Ethereum,daily,2017021700,all-access,all-agents,1931
en.wikipedia,Ethereum,daily,2017021800,all-access,all-agents,1438
en.wikipedia,Ethereum,daily,2017021900,all-access,all-agents,1389
en.wikipedia,Ethereum,daily,2017022000,all-access,all-agents,1782
en.wikipedia,Ethereum,daily,2017022100,all-access,all-agents,1738
en.wikipedia,Ethereum,daily,2017022200,all-access,all-agents,1898
en.wikipedia,Ethereum,daily,2017022300,all-access,all-agents,1892
en.wikipedia,Ethereum,daily,2017022400,all-access,all-agents,2130
en.wikipedia,Ethereum,daily,2017022500,all-access,all-agents,1484
en.wikipedia,Ethereum,daily,2017022600,all-access,all-agents,1773
en.wikipedia,Ethereum,daily,2017022700,all-access,all-agents,2499
en.wikipedia,Ethereum,daily,2017022800,all-access,all-agents,5188
en.wikipedia,Ethereum,daily,2017030100,all-access,all-agents,4302
en.wikipedia,Ethereum,daily,2017030200,all-access,all-agents,3943
en.wikipedia,Ethereum,daily,2017030300,all-access,all-agents,4419
en.wikipedia,Ethereum,daily,2017030400,all-access,all-agents,2880
en.wikipedia,Ethereum,daily,2017030500,all-access,all-agents,2889
en.wikipedia,Ethereum,daily,2017030600,all-access,all-agents,3315
en.wikipedia,Ethereum,daily,2017030700,all-access,all-agents,2999
en.wikipedia,Ethereum,daily,2017030800,all-access,all-agents,2705
en.wikipedia,Ethereum,daily,2017030900,all-access,all-agents,2456
en.wikipedia,Ethereum,daily,2017031000,all-access,all-agents,2325
en.wikipedia,Ethereum,daily,2017031100,all-access,all-agents,2657
en.wikipedia,Ethereum,daily,2017031200,all-access,all-agents,2852
en.wikipedia,Ethereum,daily,2017031300,all-access,all-agents,5255
en.wikipedia,Ethereum,daily,2017031400,all-access,all-agents,3986
en.wikipedia,Ethereum,daily,2017031500,all-access,all-agents,4107
en.wikipedia,Ethereum,daily,2017031600,all-access,all-agents,6250
en.wikipedia,Ethereum,daily,2017031700,all-access,all-agents,6249
en.wikipedia,Ethereum,daily,2017031800,all-access,all-agents,3749
en.wikipedia,Ethereum,daily,2017031900,all-access,all-agents,3619
en.wikipedia,Ethereum,daily,2017032000,all-access,all-agents,4528
en.wikipedia,Ethereum,daily,2017032100,all-access,all-agents,4491
en.wikipedia,Ethereum,daily,2017032200,all-access,all-agents,4637
en.wikipedia,Ethereum,daily,2017032300,all-access,all-agents,3917
en.wikipedia,Ethereum,daily,2017032400,all-access,all-agents,3940
en.wikipedia,Ethereum,daily,2017032500,all-access,all-agents,3461
en.wikipedia,Ethereum,daily,2017032600,all-access,all-agents,3184
en.wikipedia,Ethereum,daily,2017032700,all-access,all-agents,4048
en.wikipedia,Ethereum,daily,2017032800,all-access,all-agents,3943
en.wikipedia,Ethereum,daily,2017032900,all-access,all-agents,3936
en.wikipedia,Ethereum,daily,2017033000,all-access,all-agents,3544
en.wikipedia,Ethereum,daily,2017033100,all-access,all-agents,3059
en.wikipedia,Ethereum,daily,2017040100,all-access,all-agents,2338
en.wikipedia,Ethereum,daily,2017040200,all-access,all-agents,2404
en.wikipedia,Ethereum,daily,2017040300,all-access,all-agents,3009
en.wikipedia,Ethereum,daily,2017040400,all-access,all-agents,3112
en.wikipedia,Ethereum,daily,2017040500,all-access,all-agents,3647
en.wikipedia,Ethereum,daily,2017040600,all-access,all-agents,3755
en.wikipedia,Ethereum,daily,2017040700,all-access,all-agents,2381
en.wikipedia,Ethereum,daily,2017040800,all-access,all-agents,1822
en.wikipedia,Ethereum,daily,2017040900,all-access,all-agents,1973
en.wikipedia,Ethereum,daily,2017041000,all-access,all-agents,2752
en.wikipedia,Ethereum,daily,2017041100,all-access,all-agents,2515
en.wikipedia,Ethereum,daily,2017041200,all-access,all-agents,2816
en.wikipedia,Ethereum,daily,2017041300,all-access,all-agents,2840
en.wikipedia,Ethereum,daily,2017041400,all-access,all-agents,2203
en.wikipedia,Ethereum,daily,2017041500,all-access,all-agents,1783
en.wikipedia,Ethereum,daily,2017041600,all-access,all-agents,2059
en.wikipedia,Ethereum,daily,2017041700,all-access,all-agents,2414
en.wikipedia,Ethereum,daily,2017041800,all-access,all-agents,2929
en.wikipedia,Ethereum,daily,2017041900,all-access,all-agents,2721
en.wikipedia,Ethereum,daily,2017042000,all-access,all-agents,3283
en.wikipedia,Ethereum,daily,2017042100,all-access,all-agents,3539
en.wikipedia,Ethereum,daily,2017042200,all-access,all-agents,2217
en.wikipedia,Ethereum,daily,2017042300,all-access,all-agents,2192
en.wikipedia,Ethereum,daily,2017042400,all-access,all-agents,3687
en.wikipedia,Ethereum,daily,2017042500,all-access,all-agents,3615
en.wikipedia,Ethereum,daily,2017042600,all-access,all-agents,3876
en.wikipedia,Ethereum,daily,2017042700,all-access,all-agents,3728
en.wikipedia,Ethereum,daily,2017042800,all-access,all-agents,4605
en.wikipedia,Ethereum,daily,2017042900,all-access,all-agents,4156
en.wikipedia,Ethereum,daily,2017043000,all-access,all-agents,4056
en.wikipedia,Ethereum,daily,2017050100,all-access,all-agents,5736
en.wikipedia,Ethereum,daily,2017050200,all-access,all-agents,5444
en.wikipedia,Ethereum,daily,2017050300,all-access,all-agents,4958
en.wikipedia,Ethereum,daily,2017050400,all-access,all-agents,6598
en.wikipedia,Ethereum,daily,2017050500,all-access,all-agents,6488
en.wikipedia,Ethereum,daily,2017050600,all-access,all-agents,4603
en.wikipedia,Ethereum,daily,2017050700,all-access,all-agents,4667
en.wikipedia,Ethereum,daily,2017050800,all-access,all-agents,5715
en.wikipedia,Ethereum,daily,2017050900,all-access,all-agents,5806
en.wikipedia,Ethereum,daily,2017051000,all-access,all-agents,5782
en.wikipedia,Ethereum,daily,2017051100,all-access,all-agents,5408
en.wikipedia,Ethereum,daily,2017051200,all-access,all-agents,4949
en.wikipedia,Ethereum,daily,2017051300,all-access,all-agents,3900
en.wikipedia,Ethereum,daily,2017051400,all-access,all-agents,4174
en.wikipedia,Ethereum,daily,2017051500,all-access,all-agents,5673
en.wikipedia,Ethereum,daily,2017051600,all-access,all-agents,5165
en.wikipedia,Ethereum,daily,2017051700,all-access,all-agents,4618
en.wikipedia,Ethereum,daily,2017051800,all-access,all-agents,4515
en.wikipedia,Ethereum,daily,2017051900,all-access,all-agents,6956
en.wikipedia,Ethereum,daily,2017052000,all-access,all-agents,5989
en.wikipedia,Ethereum,daily,2017052100,all-access,all-agents,7070
en.wikipedia,Ethereum,daily,2017052200,all-access,all-agents,16676
en.wikipedia,Ethereum,daily,2017052300,all-access,all-agents,15113
en.wikipedia,Ethereum,daily,2017052400,all-access,all-agents,15772
en.wikipedia,Ethereum,daily,2017052500,all-access,all-agents,17007
en.wikipedia,Ethereum,daily,2017052600,all-access,all-agents,11214
en.wikipedia,Ethereum,daily,2017052700,all-access,all-agents,8430
en.wikipedia,Ethereum,daily,2017052800,all-access,all-agents,7727
en.wikipedia,Ethereum,daily,2017052900,all-access,all-agents,9244
en.wikipedia,Ethereum,daily,2017053000,all-access,all-agents,12217
en.wikipedia,Ethereum,daily,2017053100,all-access,all-agents,13049
en.wikipedia,Ethereum,daily,2017060100,all-access,all-agents,12251
en.wikipedia,Ethereum,daily,2017060200,all-access,all-agents,9721
en.wikipedia,Ethereum,daily,2017060300,all-access,all-agents,7948
en.wikipedia,Ethereum,daily,2017060400,all-access,all-agents,8718
en.wikipedia,Ethereum,daily,2017060500,all-access,all-agents,11600
en.wikipedia,Ethereum,daily,2017060600,all-access,all-agents,14396
en.wikipedia,Ethereum,daily,2017060700,all-access,all-agents,14696
en.wikipedia,Ethereum,daily,2017060800,all-access,all-agents,11345
en.wikipedia,Ethereum,daily,2017060900,all-access,all-agents,10596
en.wikipedia,Ethereum,daily,2017061000,all-access,all-agents,12033
en.wikipedia,Ethereum,daily,2017061100,all-access,all-agents,15840
en.wikipedia,Ethereum,daily,2017061200,all-access,all-agents,21842
en.wikipedia,Ethereum,daily,2017061300,all-access,all-agents,22373
en.wikipedia,Ethereum,daily,2017061400,all-access,all-agents,16878
en.wikipedia,Ethereum,daily,2017061500,all-access,all-agents,13382
en.wikipedia,Ethereum,daily,2017061600,all-access,all-agents,11088
en.wikipedia,Ethereum,daily,2017061700,all-access,all-agents,8967
en.wikipedia,Ethereum,daily,2017061800,all-access,all-agents,9569
en.wikipedia,Ethereum,daily,2017061900,all-access,all-agents,12029
en.wikipedia,Ethereum,daily,2017062000,all-access,all-agents,13716
en.wikipedia,Ethereum,daily,2017062100,all-access,all-agents,14484
en.wikipedia,Ethereum,daily,2017062200,all-access,all-agents,12906
en.wikipedia,Ethereum,daily,2017062300,all-access,all-agents,10658
en.wikipedia,Ethereum,daily,2017062400,all-access,all-agents,9195
en.wikipedia,Ethereum,daily,2017062500,all-access,all-agents,9242
en.wikipedia,Ethereum,daily,2017062600,all-access,all-agents,12843
en.wikipedia,Ethereum,daily,2017062700,all-access,all-agents,14014
en.wikipedia,Ethereum,daily,2017062800,all-access,all-agents,11718
en.wikipedia,Ethereum,daily,2017062900,all-access,all-agents,10360
en.wikipedia,Ethereum,daily,2017063000,all-access,all-agents,7924
en.wikipedia,Ethereum,daily,2017070100,all-access,all-agents,6327
en.wikipedia,Ethereum,daily,2017070200,all-access,all-agents,6429
en.wikipedia,Ethereum,daily,2017070300,all-access,all-agents,8106
en.wikipedia,Ethereum,daily,2017070400,all-access,all-agents,7303
en.wikipedia,Ethereum,daily,2017070500,all-access,all-agents,7536
en.wikipedia,Ethereum,daily,2017070600,all-access,all-agents,7761
en.wikipedia,Ethereum,daily,2017070700,all-access,all-agents,7629
en.wikipedia,Ethereum,daily,2017070800,all-access,all-agents,6869
en.wikipedia,Ethereum,daily,2017070900,all-access,all-agents,6537
en.wikipedia,Ethereum,daily,2017071000,all-access,all-agents,9599
en.wikipedia,Ethereum,daily,2017071100,all-access,all-agents,10151
en.wikipedia,Ethereum,daily,2017071200,all-access,all-agents,8454
en.wikipedia,Ethereum,daily,2017071300,all-access,all-agents,7064
en.wikipedia,Ethereum,daily,2017071400,all-access,all-agents,6272
en.wikipedia,Ethereum,daily,2017071500,all-access,all-agents,5305
en.wikipedia,Ethereum,daily,2017071600,all-access,all-agents,5811
en.wikipedia,Ethereum,daily,2017071700,all-access,all-agents,7013
en.wikipedia,Ethereum,daily,2017071800,all-access,all-agents,7537
en.wikipedia,Ethereum,daily,2017071900,all-access,all-agents,7470
en.wikipedia,Ethereum,daily,2017072000,all-access,all-agents,7830
en.wikipedia,Ethereum,daily,2017072100,all-access,all-agents,7978
en.wikipedia,Ethereum,daily,2017072200,all-access,all-agents,5055
en.wikipedia,Ethereum,daily,2017072300,all-access,all-agents,5799
en.wikipedia,Ethereum,daily,2017072400,all-access,all-agents,7198
en.wikipedia,Ethereum,daily,2017072500,all-access,all-agents,6851
en.wikipedia,Ethereum,daily,2017072600,all-access,all-agents,7157
en.wikipedia,Ethereum,daily,2017072700,all-access,all-agents,6499
en.wikipedia,Ethereum,daily,2017072800,all-access,all-agents,5877
en.wikipedia,Ethereum,daily,2017072900,all-access,all-agents,4871
en.wikipedia,Ethereum,daily,2017073000,all-access,all-agents,4993
en.wikipedia,Ethereum,daily,2017073100,all-access,all-agents,6024
en.wikipedia,Ethereum,daily,2017080100,all-access,all-agents,6312
en.wikipedia,Ethereum,daily,2017080200,all-access,all-agents,5940
en.wikipedia,Ethereum,daily,2017080300,all-access,all-agents,5077
en.wikipedia,Ethereum,daily,2017080400,all-access,all-agents,4789
en.wikipedia,Ethereum,daily,2017080500,all-access,all-agents,4133
en.wikipedia,Ethereum,daily,2017080600,all-access,all-agents,4420
en.wikipedia,Ethereum,daily,2017080700,all-access,all-agents,5895
en.wikipedia,Ethereum,daily,2017080800,all-access,all-agents,6194
en.wikipedia,Ethereum,daily,2017080900,all-access,all-agents,6392
en.wikipedia,Ethereum,daily,2017081000,all-access,all-agents,6115
en.wikipedia,Ethereum,daily,2017081100,all-access,all-agents,5889
en.wikipedia,Ethereum,daily,2017081200,all-access,all-agents,5379
en.wikipedia,Ethereum,daily,2017081300,all-access,all-agents,6149
en.wikipedia,Ethereum,daily,2017081400,all-access,all-agents,8045
en.wikipedia,Ethereum,daily,2017081500,all-access,all-agents,7576
en.wikipedia,Ethereum,daily,2017081600,all-access,all-agents,7082
en.wikipedia,Ethereum,daily,2017081700,all-access,all-agents,7051
en.wikipedia,Ethereum,daily,2017081800,all-access,all-agents,6041
en.wikipedia,Ethereum,daily,2017081900,all-access,all-agents,5159
en.wikipedia,Ethereum,daily,2017082000,all-access,all-agents,5500
en.wikipedia,Ethereum,daily,2017082100,all-access,all-agents,7009
en.wikipedia,Ethereum,daily,2017082200,all-access,all-agents,6716
en.wikipedia,Ethereum,daily,2017082300,all-access,all-agents,6691
en.wikipedia,Ethereum,daily,2017082400,all-access,all-agents,6546
en.wikipedia,Ethereum,daily,2017082500,all-access,all-agents,5873
en.wikipedia,Ethereum,daily,2017082600,all-access,all-agents,4670
en.wikipedia,Ethereum,daily,2017082700,all-access,all-agents,4802
en.wikipedia,Ethereum,daily,2017082800,all-access,all-agents,5792
en.wikipedia,Ethereum,daily,2017082900,all-access,all-agents,7125
en.wikipedia,Ethereum,daily,2017083000,all-access,all-agents,7458
en.wikipedia,Ethereum,daily,2017083100,all-access,all-agents,7474
en.wikipedia,Ethereum,daily,2017090100,all-access,all-agents,7081
en.wikipedia,Ethereum,daily,2017090200,all-access,all-agents,5832
en.wikipedia,Ethereum,daily,2017090300,all-access,all-agents,6001
en.wikipedia,Ethereum,daily,2017090400,all-access,all-agents,7481
en.wikipedia,Ethereum,daily,2017090500,all-access,all-agents,7738
en.wikipedia,Ethereum,daily,2017090600,all-access,all-agents,6426
en.wikipedia,Ethereum,daily,2017090700,all-access,all-agents,6439
en.wikipedia,Ethereum,daily,2017090800,all-access,all-agents,5545
en.wikipedia,Ethereum,daily,2017090900,all-access,all-agents,4274
en.wikipedia,Ethereum,daily,2017091000,all-access,all-agents,4376
en.wikipedia,Ethereum,daily,2017091100,all-access,all-agents,5461
en.wikipedia,Ethereum,daily,2017091200,all-access,all-agents,5785
en.wikipedia,Ethereum,daily,2017091300,all-access,all-agents,6574
en.wikipedia,Ethereum,daily,2017091400,all-access,all-agents,5796
en.wikipedia,Ethereum,daily,2017091500,all-access,all-agents,5257
en.wikipedia,Ethereum,daily,2017091600,all-access,all-agents,4059
en.wikipedia,Ethereum,daily,2017091700,all-access,all-agents,4264
en.wikipedia,Ethereum,daily,2017091800,all-access,all-agents,6739
en.wikipedia,Ethereum,daily,2017091900,all-access,all-agents,8552
en.wikipedia,Ethereum,daily,2017092000,all-access,all-agents,6352
en.wikipedia,Ethereum,daily,2017092100,all-access,all-agents,5499
en.wikipedia,Ethereum,daily,2017092200,all-access,all-agents,5189
en.wikipedia,Ethereum,daily,2017092300,all-access,all-agents,3788
en.wikipedia,Ethereum,daily,2017092400,all-access,all-agents,3806
en.wikipedia,Ethereum,daily,2017092500,all-access,all-agents,4720
en.wikipedia,Ethereum,daily,2017092600,all-access,all-agents,4754
en.wikipedia,Ethereum,daily,2017092700,all-access,all-agents,4615
en.wikipedia,Ethereum,daily,2017092800,all-access,all-agents,4423
en.wikipedia,Ethereum,daily,2017092900,all-access,all-agents,3984
en.wikipedia,Ethereum,daily,2017093000,all-access,all-agents,3280
en.wikipedia,Ethereum,daily,2017100100,all-access,all-agents,3511
en.wikipedia,Ethereum,daily,2017100200,all-access,all-agents,4297
en.wikipedia,Ethereum,daily,2017100300,all-access,all-agents,4176
en.wikipedia,Ethereum,daily,2017100400,all-access,all-agents,4151
en.wikipedia,Ethereum,daily,2017100500,all-access,all-agents,4204
en.wikipedia,Ethereum,daily,2017100600,all-access,all-agents,3956
en.wikipedia,Ethereum,daily,2017100700,all-access,all-agents,3234
en.wikipedia,Ethereum,daily,2017100800,all-access,all-agents,3530
en.wikipedia,Ethereum,daily,2017100900,all-access,all-agents,4497
en.wikipedia,Ethereum,daily,2017101000,all-access,all-agents,4704
en.wikipedia,Ethereum,daily,2017101100,all-access,all-agents,5092
en.wikipedia,Ethereum,daily,2017101200,all-access,all-agents,5540
en.wikipedia,Ethereum,daily,2017101300,all-access,all-agents,5795
en.wikipedia,Ethereum,daily,2017101400,all-access,all-agents,4550
en.wikipedia,Ethereum,daily,2017101500,all-access,all-agents,4703
en.wikipedia,Ethereum,daily,2017101600,all-access,all-agents,6277
en.wikipedia,Ethereum,daily,2017101700,all-access,all-agents,6389
en.wikipedia,Ethereum,daily,2017101800,all-access,all-agents,5714
en.wikipedia,Ethereum,daily,2017101900,all-access,all-agents,5475
en.wikipedia,Ethereum,daily,2017102000,all-access,all-agents,5467
en.wikipedia,Ethereum,daily,2017102100,all-access,all-agents,4915
en.wikipedia,Ethereum,daily,2017102200,all-access,all-agents,4683
en.wikipedia,Ethereum,daily,2017102300,all-access,all-agents,6398
en.wikipedia,Ethereum,daily,2017102400,all-access,all-agents,6352
en.wikipedia,Ethereum,daily,2017102500,all-access,all-agents,6345
en.wikipedia,Ethereum,daily,2017102600,all-access,all-agents,5656
en.wikipedia,Ethereum,daily,2017102700,all-access,all-agents,5567
en.wikipedia,Ethereum,daily,2017102800,all-access,all-agents,4082
en.wikipedia,Ethereum,daily,2017102900,all-access,all-agents,5149
en.wikipedia,Ethereum,daily,2017103000,all-access,all-agents,6120
en.wikipedia,Ethereum,daily,2017103100,all-access,all-agents,5954
en.wikipedia,Ethereum,daily,2017110100,all-access,all-agents,6670
en.wikipedia,Ethereum,daily,2017110200,all-access,all-agents,7824
en.wikipedia,Ethereum,daily,2017110300,all-access,all-agents,6803
en.wikipedia,Ethereum,daily,2017110400,all-access,all-agents,5402
en.wikipedia,Ethereum,daily,2017110500,all-access,all-agents,5558
en.wikipedia,Ethereum,daily,2017110600,all-access,all-agents,6908
en.wikipedia,Ethereum,daily,2017110700,all-access,all-agents,7330
